-- phpMyAdmin SQL Dump
-- version 4.7.4
-- https://www.phpmyadmin.net/
--
-- Host: 127.0.0.1
-- Generation Time: Jun 13, 2018 at 12:22 PM
-- Server version: 10.1.26-MariaDB
-- PHP Version: 7.1.9

SET SQL_MODE = "NO_AUTO_VALUE_ON_ZERO";
SET AUTOCOMMIT = 0;
START TRANSACTION;
SET time_zone = "+00:00";


/*!40101 SET @OLD_CHARACTER_SET_CLIENT=@@CHARACTER_SET_CLIENT */;
/*!40101 SET @OLD_CHARACTER_SET_RESULTS=@@CHARACTER_SET_RESULTS */;
/*!40101 SET @OLD_COLLATION_CONNECTION=@@COLLATION_CONNECTION */;
/*!40101 SET NAMES utf8mb4 */;

--
-- Database: `object_detection`
--

-- --------------------------------------------------------

--
-- Table structure for table `chitietdoituong`
--

CREATE TABLE `chitietdoituong` (
  `id_object` int(11) NOT NULL,
  `id_image` int(11) NOT NULL
) ENGINE=InnoDB DEFAULT CHARSET=utf8;

--
-- Dumping data for table `chitietdoituong`
--

INSERT INTO `chitietdoituong` (`id_object`, `id_image`) VALUES
(1, 1),
(2, 1),
(3, 1),
(4, 1),
(5, 1),
(6, 1),
(7, 2),
(8, 2),
(9, 2),
(10, 2),
(11, 2),
(12, 2),
(13, 2),
(14, 2),
(15, 3),
(16, 3),
(17, 3),
(18, 3),
(19, 3),
(20, 3),
(21, 3),
(22, 3),
(23, 3),
(24, 4),
(25, 4),
(26, 4),
(27, 4),
(28, 4),
(29, 4),
(30, 4),
(31, 4),
(32, 4),
(33, 4),
(34, 4),
(35, 4),
(36, 4),
(37, 4),
(38, 4),
(39, 5),
(40, 5),
(41, 5),
(42, 5),
(43, 5),
(44, 5),
(45, 5),
(46, 6),
(47, 6),
(48, 6),
(49, 6),
(50, 6),
(51, 6),
(52, 6),
(53, 7),
(54, 7),
(55, 8),
(56, 8),
(57, 8),
(58, 8),
(59, 9),
(60, 10),
(61, 10),
(62, 10),
(63, 10),
(64, 10),
(65, 10),
(66, 10),
(67, 10),
(68, 10),
(69, 10),
(70, 10),
(71, 10),
(72, 10),
(73, 10),
(74, 10),
(75, 10),
(76, 10),
(77, 10),
(78, 10),
(79, 10),
(80, 11),
(81, 11),
(82, 11),
(83, 11),
(84, 11),
(85, 11),
(86, 11),
(87, 11),
(88, 11),
(89, 11),
(90, 11),
(91, 11),
(92, 11),
(93, 11),
(94, 11),
(95, 11),
(96, 11),
(97, 11),
(98, 11),
(99, 11),
(100, 12),
(101, 13),
(102, 13),
(103, 13),
(104, 13),
(105, 13),
(106, 13),
(107, 14),
(108, 14),
(109, 14),
(110, 15),
(111, 15),
(112, 15),
(113, 16),
(114, 16),
(115, 16),
(116, 16),
(117, 16),
(118, 17),
(119, 17),
(120, 17),
(121, 17),
(122, 17),
(123, 17),
(124, 17),
(125, 18),
(126, 18),
(127, 19),
(128, 20),
(129, 20),
(130, 20),
(131, 20),
(132, 20),
(133, 21),
(134, 21),
(135, 22),
(136, 22),
(137, 22),
(138, 23),
(139, 24),
(140, 24),
(141, 24),
(142, 24),
(143, 25),
(144, 25),
(145, 26),
(146, 26),
(147, 27),
(148, 27),
(149, 27),
(150, 27),
(151, 27),
(152, 27),
(153, 27),
(154, 28),
(155, 28),
(156, 28),
(157, 28),
(158, 28),
(159, 28),
(160, 29),
(161, 29),
(162, 29),
(163, 29),
(164, 29),
(165, 29),
(166, 29),
(167, 29),
(168, 29),
(169, 29),
(170, 29),
(171, 29),
(172, 29),
(173, 29),
(174, 29),
(175, 29),
(176, 29),
(177, 30),
(178, 30),
(179, 30),
(180, 30),
(181, 30),
(182, 30),
(183, 30),
(184, 30),
(185, 31),
(186, 31),
(187, 31),
(188, 32),
(189, 32),
(190, 32),
(191, 32),
(192, 32),
(193, 32),
(194, 32),
(195, 32),
(196, 32),
(197, 32),
(198, 32),
(199, 32),
(200, 33),
(201, 33),
(202, 33),
(203, 33),
(204, 33),
(205, 33),
(206, 34),
(207, 34),
(208, 35),
(209, 35),
(210, 35),
(211, 36),
(212, 36),
(213, 36),
(214, 37),
(215, 37),
(216, 37),
(217, 37),
(218, 37),
(219, 37),
(220, 38),
(221, 38),
(222, 38),
(223, 38),
(224, 38),
(225, 38),
(226, 38),
(227, 39),
(228, 40),
(229, 41),
(230, 41),
(231, 42),
(232, 42),
(233, 42),
(234, 42),
(235, 42),
(236, 42),
(237, 43),
(238, 43),
(239, 43),
(240, 43),
(241, 43),
(242, 43),
(243, 43),
(244, 43),
(245, 43),
(246, 43),
(247, 43),
(248, 44),
(249, 44),
(250, 44),
(251, 44),
(252, 44),
(253, 44),
(254, 44),
(255, 44),
(256, 44),
(257, 44),
(258, 44),
(259, 44),
(260, 44),
(261, 45),
(262, 45),
(263, 45),
(264, 45),
(265, 45),
(266, 45),
(267, 46),
(268, 47),
(269, 47),
(270, 47),
(271, 47),
(272, 47),
(273, 47),
(274, 47),
(275, 47),
(276, 47),
(277, 47),
(278, 47),
(279, 47),
(280, 48),
(281, 48),
(282, 48),
(283, 48),
(284, 48),
(285, 48),
(286, 49),
(287, 49),
(288, 49),
(289, 49),
(290, 49),
(291, 49),
(292, 50),
(293, 50),
(294, 50),
(295, 50),
(296, 50),
(297, 51),
(298, 51),
(299, 51),
(300, 51),
(301, 51),
(302, 51),
(303, 51),
(304, 51),
(305, 51),
(306, 51),
(307, 51),
(308, 51),
(309, 52),
(310, 52),
(311, 52),
(312, 52),
(313, 52),
(314, 52),
(315, 52),
(316, 53),
(317, 53),
(318, 53),
(319, 54),
(320, 54),
(321, 55),
(322, 55),
(323, 55),
(324, 55),
(325, 55),
(326, 55),
(327, 55),
(328, 55),
(329, 55),
(330, 55),
(331, 55),
(332, 55),
(333, 55),
(334, 55),
(335, 55),
(336, 55),
(337, 56),
(338, 56),
(339, 56),
(340, 56),
(341, 56),
(342, 56),
(343, 56),
(344, 56),
(345, 56),
(346, 56),
(347, 56),
(348, 56),
(349, 56),
(350, 56),
(351, 56),
(352, 56),
(353, 57),
(354, 57),
(355, 57),
(356, 57),
(357, 57),
(358, 57),
(359, 57),
(360, 57),
(361, 57),
(362, 57),
(363, 57),
(364, 57),
(365, 58),
(366, 58),
(367, 58),
(368, 58),
(369, 58),
(370, 58),
(371, 58),
(372, 58),
(373, 58),
(374, 58),
(375, 58),
(376, 59),
(377, 59),
(378, 59),
(379, 59),
(380, 59),
(381, 59),
(382, 59),
(383, 59),
(384, 59),
(385, 59),
(386, 59),
(387, 60),
(388, 60),
(389, 60),
(390, 60),
(391, 60),
(392, 60),
(393, 60),
(394, 61),
(395, 61),
(396, 61),
(397, 61),
(398, 61),
(399, 61),
(400, 61),
(401, 61),
(402, 62),
(403, 62),
(404, 62),
(405, 62),
(406, 62),
(407, 62),
(408, 62),
(409, 62),
(410, 62),
(411, 62),
(412, 62),
(413, 62),
(414, 62),
(415, 62),
(416, 63),
(417, 64),
(418, 64),
(419, 64),
(420, 65),
(421, 65),
(422, 66),
(423, 66),
(424, 66),
(425, 66),
(426, 66),
(427, 66),
(428, 67),
(429, 67),
(430, 67),
(431, 67),
(432, 67),
(433, 68),
(434, 69),
(435, 69),
(436, 69),
(437, 70),
(438, 70),
(439, 71),
(440, 71),
(441, 71),
(442, 71),
(443, 72),
(444, 72),
(445, 72),
(446, 72),
(447, 72),
(448, 73),
(449, 74),
(450, 74),
(451, 74),
(452, 74),
(453, 75),
(454, 75),
(455, 75),
(456, 75),
(457, 76),
(458, 76),
(459, 76),
(460, 76),
(461, 76),
(462, 76),
(463, 77),
(464, 77),
(465, 77),
(466, 77),
(467, 77),
(468, 78),
(469, 78),
(470, 78),
(471, 79),
(472, 79),
(473, 79),
(474, 79),
(475, 79),
(476, 79),
(477, 79),
(478, 79),
(479, 79),
(480, 80),
(481, 80),
(482, 80),
(483, 80),
(484, 80),
(485, 80),
(486, 80),
(487, 80),
(488, 80),
(489, 80),
(490, 80),
(491, 80),
(492, 81),
(493, 82),
(494, 82),
(495, 83),
(496, 83),
(497, 84),
(498, 84),
(499, 85),
(500, 85),
(501, 85),
(502, 85),
(503, 85),
(504, 86),
(505, 86),
(506, 87),
(507, 88),
(508, 89),
(509, 89),
(510, 90),
(511, 91),
(512, 91),
(513, 91),
(514, 91),
(515, 91),
(516, 92),
(517, 92),
(518, 92),
(519, 93),
(520, 93),
(521, 93),
(522, 93),
(523, 93),
(524, 93),
(525, 93),
(526, 93),
(527, 93),
(528, 93),
(529, 93),
(530, 94),
(531, 94),
(532, 94),
(533, 94),
(534, 94),
(535, 94),
(536, 94),
(537, 94),
(538, 95),
(539, 95),
(540, 95),
(541, 95),
(542, 95),
(543, 95),
(544, 95),
(545, 95),
(546, 95),
(547, 95),
(548, 95),
(549, 96),
(550, 96),
(551, 96),
(552, 96),
(553, 96),
(554, 97),
(555, 97),
(556, 97),
(557, 97),
(558, 97),
(559, 97),
(560, 97),
(561, 97),
(562, 98),
(563, 98),
(564, 98),
(565, 98),
(566, 98),
(567, 98),
(568, 98),
(569, 98),
(570, 98),
(571, 98),
(572, 99),
(573, 99),
(574, 99),
(575, 99),
(576, 100),
(577, 100),
(578, 100),
(579, 101),
(580, 101),
(581, 101),
(582, 101),
(583, 102),
(584, 102),
(585, 102),
(586, 102),
(587, 102),
(588, 102),
(589, 102),
(590, 102),
(591, 103),
(592, 103),
(593, 103),
(594, 103),
(595, 104),
(596, 104),
(597, 104),
(598, 104),
(599, 105),
(600, 105),
(601, 105),
(602, 105),
(603, 105),
(604, 105),
(605, 105),
(606, 105),
(607, 106),
(608, 106),
(609, 107),
(610, 107),
(611, 107),
(612, 107),
(613, 107),
(614, 107),
(615, 107),
(616, 107),
(617, 107),
(618, 107),
(619, 107),
(620, 107),
(621, 108),
(622, 108),
(623, 108),
(624, 108),
(625, 108),
(626, 108),
(627, 108),
(628, 108),
(629, 108),
(630, 108),
(631, 108),
(632, 109),
(633, 109),
(634, 109),
(635, 109),
(636, 109),
(637, 109),
(638, 109),
(639, 109),
(640, 109),
(641, 110),
(642, 111),
(643, 112),
(644, 113),
(645, 113),
(646, 113),
(647, 113),
(648, 113),
(649, 113),
(650, 113),
(651, 113),
(652, 113),
(653, 114),
(654, 114),
(655, 114),
(656, 114),
(657, 114),
(658, 114),
(659, 115),
(660, 116),
(661, 116),
(662, 116),
(663, 116),
(664, 116),
(665, 117),
(666, 118),
(667, 118),
(668, 118),
(669, 118),
(670, 118),
(671, 118),
(672, 118),
(673, 118),
(674, 119),
(675, 119),
(676, 120),
(677, 120),
(678, 120),
(679, 120),
(680, 121),
(681, 121),
(682, 121),
(683, 121),
(684, 121),
(685, 121),
(686, 121),
(687, 121),
(688, 121),
(689, 121),
(690, 121),
(691, 121),
(692, 121),
(693, 121),
(694, 121),
(695, 122),
(696, 122),
(697, 122),
(698, 123),
(699, 123),
(700, 123),
(701, 123),
(702, 123),
(703, 123),
(704, 123),
(705, 123),
(706, 123),
(707, 124),
(708, 124),
(709, 125),
(710, 125),
(711, 125),
(712, 126),
(713, 126),
(714, 126),
(715, 126),
(716, 127),
(717, 127),
(718, 127),
(719, 128),
(720, 128),
(721, 128),
(722, 128),
(723, 129),
(724, 129),
(725, 129),
(726, 129),
(727, 130),
(728, 130),
(729, 130),
(730, 131),
(731, 132),
(732, 132),
(733, 132),
(734, 132),
(735, 132),
(736, 132),
(737, 132),
(738, 133),
(739, 133),
(740, 133),
(741, 133),
(742, 133),
(743, 134),
(744, 135),
(745, 135),
(746, 135),
(747, 135),
(748, 136),
(749, 137),
(750, 137),
(751, 137),
(752, 138),
(753, 138),
(754, 138),
(755, 138),
(756, 138),
(757, 138),
(758, 138),
(759, 138),
(760, 139),
(761, 139),
(762, 139),
(763, 139),
(764, 139),
(765, 140),
(766, 140),
(767, 140),
(768, 140),
(769, 141),
(770, 141),
(771, 141),
(772, 142),
(773, 142),
(774, 142),
(775, 142),
(776, 142),
(777, 142),
(778, 142),
(779, 142),
(780, 142),
(781, 142),
(782, 142),
(783, 142),
(784, 142),
(785, 142),
(786, 142),
(787, 142),
(788, 142),
(789, 142),
(790, 142),
(791, 142),
(792, 143),
(793, 143),
(794, 143),
(795, 143),
(796, 143),
(797, 143),
(798, 143),
(799, 144),
(800, 144),
(801, 144),
(802, 144),
(803, 144),
(804, 144),
(805, 144),
(806, 144),
(807, 145),
(808, 145),
(809, 145),
(810, 145),
(811, 145),
(812, 145),
(813, 145),
(814, 145),
(815, 145),
(816, 145),
(817, 145),
(818, 145),
(819, 145),
(820, 145),
(821, 145),
(822, 145),
(823, 145),
(824, 146),
(825, 147),
(826, 147),
(827, 147),
(828, 147),
(829, 147),
(830, 147),
(831, 147),
(832, 147),
(833, 147),
(834, 148),
(835, 148),
(836, 148),
(837, 149),
(838, 150),
(839, 150),
(840, 151),
(841, 151),
(842, 152),
(843, 152),
(844, 153),
(845, 153),
(846, 153),
(847, 153),
(848, 154),
(849, 154),
(850, 154),
(851, 154),
(852, 154),
(853, 154);

-- --------------------------------------------------------

--
-- Table structure for table `image`
--

CREATE TABLE `image` (
  `id` int(11) NOT NULL,
  `duongdan` text NOT NULL,
  `ngaydang` varchar(15) NOT NULL
) ENGINE=InnoDB DEFAULT CHARSET=utf8;

--
-- Dumping data for table `image`
--

INSERT INTO `image` (`id`, `duongdan`, `ngaydang`) VALUES
(1, 'test_images/bed1.jpg', '2018-06-09'),
(2, 'test_images/bed2.jpg', '2018-06-09'),
(3, 'test_images/bed3.jpg', '2018-06-09'),
(4, 'test_images/bed4.jpg', '2018-06-09'),
(5, 'test_images/bed5.jpg', '2018-06-09'),
(6, 'test_images/bed6.jpg', '2018-06-09'),
(7, 'test_images/bed7.jpg', '2018-06-09'),
(8, 'test_images/bed8.jpg', '2018-06-09'),
(9, 'test_images/bed9.jpg', '2018-06-09'),
(10, 'test_images/book1.jpg', '2018-06-09'),
(11, 'test_images/book2.jpg', '2018-06-09'),
(12, 'test_images/book3.jpg', '2018-06-09'),
(13, 'test_images/book4.jpg', '2018-06-09'),
(14, 'test_images/book5.jpg', '2018-06-09'),
(15, 'test_images/cake1.jpg', '2018-06-09'),
(16, 'test_images/cake2.jpg', '2018-06-09'),
(17, 'test_images/cake3.jpg', '2018-06-09'),
(18, 'test_images/cake4.jpg', '2018-06-09'),
(19, 'test_images/cake5.jpg', '2018-06-09'),
(20, 'test_images/cake6.jpg', '2018-06-09'),
(21, 'test_images/cake7.jpg', '2018-06-09'),
(22, 'test_images/cake8.jpg', '2018-06-09'),
(23, 'test_images/cake9.jpg', '2018-06-09'),
(24, 'test_images/cell_phone1.jpg', '2018-06-09'),
(25, 'test_images/cell_phone2.jpg', '2018-06-09'),
(26, 'test_images/cell_phone3.jpg', '2018-06-09'),
(27, 'test_images/cell_phone4.jpg', '2018-06-09'),
(28, 'test_images/cell_phone5.jpg', '2018-06-09'),
(29, 'test_images/cell_phone6.jpg', '2018-06-09'),
(30, 'test_images/chair1.jpg', '2018-06-09'),
(31, 'test_images/chair2.jpg', '2018-06-09'),
(32, 'test_images/chair3.jpg', '2018-06-09'),
(33, 'test_images/chair4.jpg', '2018-06-09'),
(34, 'test_images/chair5.jpg', '2018-06-09'),
(35, 'test_images/chair6.jpg', '2018-06-09'),
(36, 'test_images/chair7.jpg', '2018-06-09'),
(37, 'test_images/chair8.jpg', '2018-06-09'),
(38, 'test_images/chair9.jpg', '2018-06-09'),
(39, 'test_images/clock1.jpg', '2018-06-09'),
(40, 'test_images/clock2.jpg', '2018-06-09'),
(41, 'test_images/clock3.jpg', '2018-06-09'),
(42, 'test_images/clock4.jpg', '2018-06-09'),
(43, 'test_images/clock5.jpg', '2018-06-09'),
(44, 'test_images/clock6.jpg', '2018-06-09'),
(45, 'test_images/clock7.jpg', '2018-06-09'),
(46, 'test_images/couch1.jpg', '2018-06-09'),
(47, 'test_images/couch2.jpg', '2018-06-09'),
(48, 'test_images/couch3.jpg', '2018-06-09'),
(49, 'test_images/couch4.jpg', '2018-06-09'),
(50, 'test_images/couch5.jpg', '2018-06-09'),
(51, 'test_images/couch6.jpg', '2018-06-09'),
(52, 'test_images/couch7.jpg', '2018-06-09'),
(53, 'test_images/couch8.jpg', '2018-06-09'),
(54, 'test_images/couch9.jpg', '2018-06-09'),
(55, 'test_images/dining_table1.jpg', '2018-06-09'),
(56, 'test_images/dining_table2.jpg', '2018-06-09'),
(57, 'test_images/dining_table3.jpg', '2018-06-09'),
(58, 'test_images/dining_table4.jpg', '2018-06-09'),
(59, 'test_images/dining_table5.jpg', '2018-06-09'),
(60, 'test_images/dining_table6.jpg', '2018-06-10'),
(61, 'test_images/dining_table7.jpg', '2018-06-10'),
(62, 'test_images/dining_table8.jpg', '2018-06-10'),
(63, 'test_images/hair_drier1.jpg', '2018-06-10'),
(64, 'test_images/hair_drier2.jpg', '2018-06-10'),
(65, 'test_images/hair_drier3.jpg', '2018-06-10'),
(66, 'test_images/hair_drier4.jpg', '2018-06-10'),
(67, 'test_images/keyboard1.jpg', '2018-06-10'),
(68, 'test_images/keyboard2.jpg', '2018-06-10'),
(69, 'test_images/keyboard3.jpg', '2018-06-10'),
(70, 'test_images/keyboard4.jpg', '2018-06-10'),
(71, 'test_images/keyboard6.jpg', '2018-06-10'),
(72, 'test_images/keyboard7.jpg', '2018-06-10'),
(73, 'test_images/keyboard5.jpg', '2018-06-10'),
(74, 'test_images/laptop1.jpg', '2018-06-10'),
(75, 'test_images/laptop2.jpg', '2018-06-10'),
(76, 'test_images/laptop3.jpg', '2018-06-10'),
(77, 'test_images/laptop4.jpg', '2018-06-10'),
(78, 'test_images/laptop5.jpg', '2018-06-10'),
(79, 'test_images/laptop6.jpg', '2018-06-10'),
(80, 'test_images/microwave1.jpg', '2018-06-10'),
(81, 'test_images/microwave2.jpg', '2018-06-10'),
(82, 'test_images/microwave3.jpg', '2018-06-10'),
(83, 'test_images/microwave4.jpg', '2018-06-10'),
(84, 'test_images/microwave5.jpg', '2018-06-10'),
(85, 'test_images/microwave6.jpg', '2018-06-10'),
(86, 'test_images/mouse1.jpg', '2018-06-10'),
(87, 'test_images/mouse2.jpg', '2018-06-10'),
(88, 'test_images/mouse3.jpg', '2018-06-10'),
(89, 'test_images/mouse4.jpg', '2018-06-10'),
(90, 'test_images/mouse5.jpg', '2018-06-10'),
(91, 'test_images/oven1.jpg', '2018-06-10'),
(92, 'test_images/oven2.jpg', '2018-06-10'),
(93, 'test_images/oven3.jpg', '2018-06-10'),
(94, 'test_images/oven4.jpg', '2018-06-10'),
(95, 'test_images/oven5.jpg', '2018-06-10'),
(96, 'test_images/potted_plant1.jpg', '2018-06-10'),
(97, 'test_images/potted_plant2.jpg', '2018-06-10'),
(98, 'test_images/potted_plant3.jpg', '2018-06-10'),
(99, 'test_images/potted_plant4.jpg', '2018-06-10'),
(100, 'test_images/potted_plant5.jpg', '2018-06-10'),
(101, 'test_images/potted_plant6.jpg', '2018-06-10'),
(102, 'test_images/potted_plant7.jpg', '2018-06-10'),
(103, 'test_images/potted_plant8.jpg', '2018-06-10'),
(104, 'test_images/potted_plant9.jpg', '2018-06-10'),
(105, 'test_images/refrigerator1.jpg', '2018-06-10'),
(106, 'test_images/refrigerator2.jpg', '2018-06-10'),
(107, 'test_images/refrigerator3.jpg', '2018-06-10'),
(108, 'test_images/refrigerator4.jpg', '2018-06-10'),
(109, 'test_images/refrigerator5.jpg', '2018-06-10'),
(110, 'test_images/remote1.jpg', '2018-06-10'),
(111, 'test_images/remote2.jpg', '2018-06-10'),
(112, 'test_images/remote3.jpg', '2018-06-10'),
(113, 'test_images/remote4.jpg', '2018-06-10'),
(114, 'test_images/remote5.jpg', '2018-06-10'),
(115, 'test_images/scissors1.jpg', '2018-06-10'),
(116, 'test_images/scissors2.jpg', '2018-06-10'),
(117, 'test_images/scissors3.jpg', '2018-06-10'),
(118, 'test_images/scissors4.jpg', '2018-06-10'),
(119, 'test_images/scissors5.jpg', '2018-06-10'),
(120, 'test_images/sink1.jpg', '2018-06-10'),
(121, 'test_images/sink2.jpg', '2018-06-10'),
(122, 'test_images/sink3.jpg', '2018-06-10'),
(123, 'test_images/sink4.jpg', '2018-06-10'),
(124, 'test_images/sink5.jpg', '2018-06-10'),
(125, 'test_images/sink6.jpg', '2018-06-10'),
(126, 'test_images/teddy_bear1.jpg', '2018-06-10'),
(127, 'test_images/teddy_bear2.jpg', '2018-06-10'),
(128, 'test_images/teddy_bear3.jpg', '2018-06-10'),
(129, 'test_images/teddy_bear4.jpg', '2018-06-10'),
(130, 'test_images/toaster1.jpg', '2018-06-10'),
(131, 'test_images/toaster2.jpg', '2018-06-10'),
(132, 'test_images/toaster3.jpg', '2018-06-10'),
(133, 'test_images/toaster4.jpg', '2018-06-10'),
(134, 'test_images/toilet1.jpg', '2018-06-10'),
(135, 'test_images/toilet2.jpg', '2018-06-10'),
(136, 'test_images/toilet3.jpg', '2018-06-10'),
(137, 'test_images/toothbrush1.jpg', '2018-06-10'),
(138, 'test_images/toothbrush2.jpg', '2018-06-10'),
(139, 'test_images/toothbrush3.jpg', '2018-06-10'),
(140, 'test_images/toothbrush4.jpg', '2018-06-10'),
(141, 'test_images/toothbrush5.jpg', '2018-06-10'),
(142, 'test_images/tv1.jpg', '2018-06-10'),
(143, 'test_images/tv2.jpg', '2018-06-10'),
(144, 'test_images/tv3.jpg', '2018-06-10'),
(145, 'test_images/tv4.jpg', '2018-06-10'),
(146, 'test_images/tv5.jpg', '2018-06-10'),
(147, 'test_images/tv6.jpg', '2018-06-10'),
(148, 'test_images/vase1.jpg', '2018-06-10'),
(149, 'test_images/vase2.jpg', '2018-06-10'),
(150, 'test_images/vase3.jpg', '2018-06-10'),
(151, 'test_images/vase4.jpg', '2018-06-10'),
(152, 'test_images/vase5.jpg', '2018-06-10'),
(153, 'test_images/cake10.jpg', '2018-06-13'),
(154, 'test_images/cake11.jpg', '2018-06-13');

-- --------------------------------------------------------

--
-- Table structure for table `object`
--

CREATE TABLE `object` (
  `id` int(11) NOT NULL,
  `name` varchar(50) DEFAULT NULL,
  `probability` int(11) DEFAULT NULL
) ENGINE=InnoDB DEFAULT CHARSET=utf8;

--
-- Dumping data for table `object`
--

INSERT INTO `object` (`id`, `name`, `probability`) VALUES
(1, 'bed', 99),
(2, 'potted plant', 98),
(3, 'potted plant', 92),
(4, 'clock', 91),
(5, 'vase', 71),
(6, 'vase', 65),
(7, 'clock', 99),
(8, 'vase', 99),
(9, 'laptop', 98),
(10, 'bed', 98),
(11, 'clock', 93),
(12, 'dining table', 67),
(13, 'chair', 59),
(14, 'bed', 55),
(15, 'potted plant', 96),
(16, 'bed', 95),
(17, 'book', 87),
(18, 'book', 82),
(19, 'dining table', 82),
(20, 'bed', 72),
(21, 'book', 66),
(22, 'book', 58),
(23, 'book', 58),
(24, 'vase', 99),
(25, 'bed', 99),
(26, 'potted plant', 93),
(27, 'book', 87),
(28, 'book', 81),
(29, 'clock', 81),
(30, 'book', 75),
(31, 'book', 70),
(32, 'book', 66),
(33, 'book', 62),
(34, 'cup', 58),
(35, 'dining table', 57),
(36, 'book', 57),
(37, 'book', 52),
(38, 'bed', 50),
(39, 'bed', 99),
(40, 'potted plant', 82),
(41, 'chair', 81),
(42, 'cup', 79),
(43, 'chair', 69),
(44, 'potted plant', 58),
(45, 'bed', 53),
(46, 'bed', 99),
(47, 'potted plant', 96),
(48, 'person', 93),
(49, 'person', 91),
(50, 'person', 70),
(51, 'potted plant', 68),
(52, 'vase', 58),
(53, 'bed', 99),
(54, 'bed', 93),
(55, 'book', 97),
(56, 'bed', 93),
(57, 'bed', 82),
(58, 'teddy bear', 55),
(59, 'bed', 94),
(60, 'book', 99),
(61, 'book', 98),
(62, 'book', 96),
(63, 'book', 96),
(64, 'book', 96),
(65, 'book', 95),
(66, 'book', 93),
(67, 'book', 91),
(68, 'book', 91),
(69, 'book', 90),
(70, 'book', 89),
(71, 'book', 85),
(72, 'book', 85),
(73, 'book', 84),
(74, 'book', 83),
(75, 'book', 79),
(76, 'book', 78),
(77, 'book', 72),
(78, 'book', 61),
(79, 'book', 56),
(80, 'book', 96),
(81, 'book', 96),
(82, 'book', 95),
(83, 'book', 95),
(84, 'book', 95),
(85, 'book', 93),
(86, 'book', 90),
(87, 'book', 88),
(88, 'book', 86),
(89, 'book', 86),
(90, 'book', 86),
(91, 'book', 86),
(92, 'book', 86),
(93, 'book', 84),
(94, 'book', 83),
(95, 'book', 83),
(96, 'book', 83),
(97, 'book', 82),
(98, 'book', 82),
(99, 'book', 82),
(100, 'book', 61),
(101, 'book', 99),
(102, 'person', 88),
(103, 'book', 70),
(104, 'book', 66),
(105, 'book', 63),
(106, 'book', 56),
(107, 'book', 99),
(108, 'book', 94),
(109, 'book', 66),
(110, 'cake', 98),
(111, 'cake', 97),
(112, 'cake', 77),
(113, 'bowl', 95),
(114, 'cup', 74),
(115, 'cake', 68),
(116, 'cake', 57),
(117, 'dining table', 55),
(118, 'cake', 99),
(119, 'cake', 99),
(120, 'cake', 99),
(121, 'dining table', 92),
(122, 'knife', 86),
(123, 'zebra', 80),
(124, 'bowl', 78),
(125, 'cake', 99),
(126, 'cake', 60),
(127, 'cake', 99),
(128, 'cake', 99),
(129, 'vase', 76),
(130, 'dining table', 67),
(131, 'bowl', 64),
(132, 'cup', 62),
(133, 'cake', 99),
(134, 'cake', 65),
(135, 'cake', 99),
(136, 'cake', 74),
(137, 'tie', 68),
(138, 'cake', 99),
(139, 'cell phone', 99),
(140, 'person', 99),
(141, 'dining table', 63),
(142, 'carrot', 60),
(143, 'cell phone', 98),
(144, 'person', 93),
(145, 'person', 99),
(146, 'cell phone', 99),
(147, 'person', 99),
(148, 'cell phone', 96),
(149, 'laptop', 94),
(150, 'person', 83),
(151, 'scissors', 61),
(152, 'person', 60),
(153, 'person', 56),
(154, 'cell phone', 99),
(155, 'cell phone', 99),
(156, 'cell phone', 98),
(157, 'cell phone', 98),
(158, 'cell phone', 96),
(159, 'remote', 59),
(160, 'cell phone', 98),
(161, 'cell phone', 94),
(162, 'cell phone', 93),
(163, 'cell phone', 91),
(164, 'cell phone', 88),
(165, 'cell phone', 88),
(166, 'suitcase', 86),
(167, 'cell phone', 84),
(168, 'book', 83),
(169, 'cell phone', 82),
(170, 'cell phone', 82),
(171, 'cell phone', 78),
(172, 'cell phone', 77),
(173, 'cell phone', 69),
(174, 'cell phone', 58),
(175, 'tv', 57),
(176, 'cell phone', 50),
(177, 'chair', 99),
(178, 'chair', 98),
(179, 'book', 98),
(180, 'potted plant', 97),
(181, 'book', 93),
(182, 'tv', 81),
(183, 'dining table', 74),
(184, 'book', 52),
(185, 'potted plant', 99),
(186, 'chair', 98),
(187, 'dining table', 50),
(188, 'chair', 99),
(189, 'chair', 99),
(190, 'potted plant', 99),
(191, 'chair', 98),
(192, 'bowl', 98),
(193, 'bowl', 96),
(194, 'dining table', 90),
(195, 'bowl', 87),
(196, 'cup', 87),
(197, 'chair', 86),
(198, 'potted plant', 80),
(199, 'potted plant', 77),
(200, 'cup', 99),
(201, 'chair', 99),
(202, 'laptop', 99),
(203, 'potted plant', 94),
(204, 'potted plant', 94),
(205, 'book', 72),
(206, 'chair', 99),
(207, 'book', 55),
(208, 'chair', 99),
(209, 'chair', 99),
(210, 'refrigerator', 52),
(211, 'chair', 99),
(212, 'chair', 99),
(213, 'chair', 99),
(214, 'chair', 99),
(215, 'potted plant', 91),
(216, 'potted plant', 78),
(217, 'potted plant', 72),
(218, 'potted plant', 71),
(219, 'vase', 67),
(220, 'cup', 99),
(221, 'chair', 99),
(222, 'potted plant', 94),
(223, 'cup', 91),
(224, 'cup', 66),
(225, 'bowl', 54),
(226, 'vase', 52),
(227, 'clock', 99),
(228, 'clock', 99),
(229, 'clock', 99),
(230, 'clock', 75),
(231, 'clock', 99),
(232, 'clock', 99),
(233, 'clock', 99),
(234, 'potted plant', 99),
(235, 'vase', 95),
(236, 'book', 57),
(237, 'clock', 99),
(238, 'clock', 99),
(239, 'clock', 99),
(240, 'clock', 99),
(241, 'clock', 99),
(242, 'clock', 99),
(243, 'clock', 97),
(244, 'clock', 95),
(245, 'clock', 92),
(246, 'clock', 91),
(247, 'clock', 73),
(248, 'clock', 99),
(249, 'clock', 99),
(250, 'couch', 99),
(251, 'clock', 99),
(252, 'clock', 99),
(253, 'clock', 98),
(254, 'clock', 95),
(255, 'clock', 90),
(256, 'clock', 80),
(257, 'clock', 80),
(258, 'clock', 57),
(259, 'clock', 56),
(260, 'clock', 53),
(261, 'clock', 99),
(262, 'book', 99),
(263, 'potted plant', 98),
(264, 'book', 97),
(265, 'book', 83),
(266, 'cup', 50),
(267, 'couch', 99),
(268, 'couch', 99),
(269, 'vase', 98),
(270, 'vase', 86),
(271, 'bowl', 81),
(272, 'potted plant', 80),
(273, 'couch', 70),
(274, 'book', 66),
(275, 'book', 61),
(276, 'book', 60),
(277, 'book', 59),
(278, 'book', 58),
(279, 'book', 51),
(280, 'couch', 99),
(281, 'bowl', 90),
(282, 'couch', 85),
(283, 'vase', 68),
(284, 'book', 68),
(285, 'book', 61),
(286, 'couch', 99),
(287, 'bowl', 99),
(288, 'potted plant', 98),
(289, 'couch', 88),
(290, 'chair', 87),
(291, 'couch', 50),
(292, 'person', 99),
(293, 'couch', 98),
(294, 'chair', 82),
(295, 'dining table', 69),
(296, 'bench', 68),
(297, 'person', 99),
(298, 'person', 99),
(299, 'couch', 98),
(300, 'book', 96),
(301, 'dining table', 82),
(302, 'book', 76),
(303, 'chair', 68),
(304, 'chair', 66),
(305, 'remote', 57),
(306, 'dining table', 55),
(307, 'book', 53),
(308, 'chair', 51),
(309, 'couch', 99),
(310, 'couch', 95),
(311, 'potted plant', 90),
(312, 'vase', 75),
(313, 'chair', 71),
(314, 'potted plant', 66),
(315, 'couch', 66),
(316, 'couch', 99),
(317, 'horse', 97),
(318, 'horse', 94),
(319, 'couch', 99),
(320, 'potted plant', 97),
(321, 'chair', 99),
(322, 'chair', 99),
(323, 'wine glass', 99),
(324, 'bottle', 98),
(325, 'wine glass', 98),
(326, 'bottle', 98),
(327, 'wine glass', 97),
(328, 'chair', 97),
(329, 'wine glass', 97),
(330, 'chair', 95),
(331, 'vase', 76),
(332, 'chair', 74),
(333, 'chair', 67),
(334, 'bowl', 66),
(335, 'dining table', 64),
(336, 'chair', 56),
(337, 'chair', 99),
(338, 'wine glass', 96),
(339, 'banana', 96),
(340, 'chair', 96),
(341, 'apple', 87),
(342, 'chair', 86),
(343, 'dining table', 82),
(344, 'chair', 77),
(345, 'chair', 75),
(346, 'bench', 74),
(347, 'chair', 74),
(348, 'dining table', 73),
(349, 'chair', 72),
(350, 'chair', 69),
(351, 'chair', 61),
(352, 'apple', 53),
(353, 'vase', 99),
(354, 'chair', 99),
(355, 'wine glass', 99),
(356, 'chair', 99),
(357, 'bottle', 99),
(358, 'wine glass', 99),
(359, 'potted plant', 96),
(360, 'chair', 96),
(361, 'dining table', 96),
(362, 'chair', 93),
(363, 'chair', 85),
(364, 'chair', 59),
(365, 'bottle', 99),
(366, 'chair', 99),
(367, 'chair', 98),
(368, 'chair', 96),
(369, 'chair', 95),
(370, 'wine glass', 83),
(371, 'potted plant', 80),
(372, 'book', 79),
(373, 'book', 79),
(374, 'bowl', 79),
(375, 'dining table', 58),
(376, 'chair', 99),
(377, 'chair', 99),
(378, 'vase', 99),
(379, 'vase', 99),
(380, 'potted plant', 99),
(381, 'bowl', 98),
(382, 'orange', 98),
(383, 'orange', 97),
(384, 'dining table', 95),
(385, 'bowl', 94),
(386, 'chair', 94),
(387, 'chair', 99),
(388, 'chair', 99),
(389, 'dining table', 97),
(390, 'chair', 86),
(391, 'chair', 81),
(392, 'dining table', 58),
(393, 'chair', 54),
(394, 'chair', 99),
(395, 'chair', 99),
(396, 'chair', 99),
(397, 'chair', 98),
(398, 'chair', 95),
(399, 'chair', 91),
(400, 'microwave', 73),
(401, 'chair', 60),
(402, 'cup', 99),
(403, 'chair', 99),
(404, 'cup', 99),
(405, 'potted plant', 99),
(406, 'chair', 98),
(407, 'chair', 98),
(408, 'chair', 96),
(409, 'chair', 94),
(410, 'dining table', 91),
(411, 'book', 89),
(412, 'vase', 86),
(413, 'cup', 73),
(414, 'potted plant', 70),
(415, 'chair', 67),
(416, 'hair drier', 99),
(417, 'hair drier', 99),
(418, 'vase', 82),
(419, 'cake', 59),
(420, 'hair drier', 83),
(421, 'mouse', 82),
(422, 'person', 98),
(423, 'hair drier', 97),
(424, 'person', 89),
(425, 'person', 77),
(426, 'bottle', 62),
(427, 'person', 59),
(428, 'keyboard', 99),
(429, 'person', 98),
(430, 'person', 97),
(431, 'person', 91),
(432, 'person', 67),
(433, 'keyboard', 99),
(434, 'keyboard', 98),
(435, 'keyboard', 97),
(436, 'laptop', 52),
(437, 'keyboard', 99),
(438, 'tv', 54),
(439, 'keyboard', 99),
(440, 'person', 95),
(441, 'person', 84),
(442, 'dining table', 51),
(443, 'keyboard', 99),
(444, 'keyboard', 99),
(445, 'laptop', 99),
(446, 'tv', 90),
(447, 'keyboard', 89),
(448, 'keyboard', 99),
(449, 'person', 99),
(450, 'laptop', 99),
(451, 'chair', 98),
(452, 'chair', 91),
(453, 'laptop', 99),
(454, 'person', 98),
(455, 'cup', 98),
(456, 'bottle', 69),
(457, 'clock', 99),
(458, 'apple', 99),
(459, 'laptop', 99),
(460, 'potted plant', 98),
(461, 'dining table', 87),
(462, 'keyboard', 59),
(463, 'laptop', 99),
(464, 'laptop', 99),
(465, 'mouse', 72),
(466, 'dining table', 61),
(467, 'keyboard', 55),
(468, 'laptop', 99),
(469, 'tv', 99),
(470, 'keyboard', 57),
(471, 'fork', 99),
(472, 'laptop', 99),
(473, 'vase', 97),
(474, 'person', 96),
(475, 'sandwich', 91),
(476, 'chair', 71),
(477, 'cup', 68),
(478, 'bed', 65),
(479, 'keyboard', 57),
(480, 'microwave', 99),
(481, 'bottle', 95),
(482, 'bottle', 87),
(483, 'bottle', 86),
(484, 'bottle', 84),
(485, 'bottle', 82),
(486, 'bottle', 63),
(487, 'refrigerator', 60),
(488, 'bottle', 56),
(489, 'bottle', 53),
(490, 'bottle', 52),
(491, 'bottle', 52),
(492, 'microwave', 99),
(493, 'microwave', 99),
(494, 'potted plant', 99),
(495, 'microwave', 99),
(496, 'bowl', 99),
(497, 'microwave', 99),
(498, 'person', 99),
(499, 'pizza', 99),
(500, 'pizza', 99),
(501, 'microwave', 91),
(502, 'oven', 89),
(503, 'pizza', 84),
(504, 'mouse', 99),
(505, 'motorcycle', 80),
(506, 'cat', 95),
(507, 'mouse', 99),
(508, 'traffic light', 63),
(509, 'mouse', 59),
(510, 'mouse', 99),
(511, 'oven', 99),
(512, 'oven', 98),
(513, 'oven', 97),
(514, 'pizza', 84),
(515, 'oven', 76),
(516, 'oven', 99),
(517, 'pizza', 95),
(518, 'clock', 87),
(519, 'oven', 99),
(520, 'bowl', 98),
(521, 'oven', 94),
(522, 'bottle', 83),
(523, 'oven', 83),
(524, 'bottle', 79),
(525, 'bowl', 75),
(526, 'bottle', 74),
(527, 'bowl', 64),
(528, 'pizza', 62),
(529, 'bowl', 52),
(530, 'microwave', 97),
(531, 'cake', 88),
(532, 'cake', 86),
(533, 'cake', 86),
(534, 'cake', 78),
(535, 'cake', 73),
(536, 'cake', 63),
(537, 'pizza', 53),
(538, 'cake', 97),
(539, 'microwave', 94),
(540, 'vase', 86),
(541, 'potted plant', 75),
(542, 'orange', 71),
(543, 'oven', 69),
(544, 'potted plant', 68),
(545, 'sandwich', 65),
(546, 'cake', 65),
(547, 'cake', 56),
(548, 'dining table', 50),
(549, 'vase', 99),
(550, 'vase', 99),
(551, 'vase', 99),
(552, 'potted plant', 94),
(553, 'potted plant', 81),
(554, 'vase', 99),
(555, 'vase', 98),
(556, 'vase', 98),
(557, 'potted plant', 96),
(558, 'potted plant', 94),
(559, 'potted plant', 89),
(560, 'dining table', 72),
(561, 'cup', 57),
(562, 'vase', 99),
(563, 'vase', 97),
(564, 'potted plant', 95),
(565, 'vase', 92),
(566, 'potted plant', 90),
(567, 'potted plant', 81),
(568, 'dining table', 73),
(569, 'vase', 73),
(570, 'vase', 68),
(571, 'dining table', 63),
(572, 'vase', 97),
(573, 'potted plant', 97),
(574, 'vase', 85),
(575, 'book', 61),
(576, 'potted plant', 99),
(577, 'vase', 99),
(578, 'bed', 73),
(579, 'cup', 99),
(580, 'vase', 99),
(581, 'potted plant', 97),
(582, 'dining table', 96),
(583, 'vase', 98),
(584, 'cup', 95),
(585, 'potted plant', 90),
(586, 'person', 69),
(587, 'couch', 67),
(588, 'bowl', 64),
(589, 'person', 59),
(590, 'potted plant', 57),
(591, 'vase', 99),
(592, 'dining table', 98),
(593, 'potted plant', 97),
(594, 'chair', 58),
(595, 'vase', 99),
(596, 'potted plant', 99),
(597, 'dining table', 78),
(598, 'vase', 77),
(599, 'refrigerator', 99),
(600, 'bottle', 99),
(601, 'bottle', 97),
(602, 'bottle', 97),
(603, 'bottle', 95),
(604, 'bottle', 91),
(605, 'refrigerator', 90),
(606, 'bowl', 80),
(607, 'refrigerator', 91),
(608, 'refrigerator', 79),
(609, 'bottle', 99),
(610, 'cup', 99),
(611, 'refrigerator', 99),
(612, 'bottle', 98),
(613, 'bottle', 97),
(614, 'bottle', 97),
(615, 'bottle', 94),
(616, 'pizza', 83),
(617, 'bottle', 73),
(618, 'bottle', 73),
(619, 'bottle', 63),
(620, 'book', 55),
(621, 'refrigerator', 99),
(622, 'bottle', 97),
(623, 'bottle', 94),
(624, 'bottle', 93),
(625, 'bottle', 82),
(626, 'bottle', 76),
(627, 'bottle', 71),
(628, 'refrigerator', 56),
(629, 'cup', 55),
(630, 'bottle', 55),
(631, 'bottle', 50),
(632, 'bottle', 99),
(633, 'refrigerator', 99),
(634, 'vase', 98),
(635, 'bottle', 93),
(636, 'potted plant', 89),
(637, 'potted plant', 83),
(638, 'bottle', 67),
(639, 'chair', 56),
(640, 'vase', 53),
(641, 'remote', 99),
(642, 'remote', 99),
(643, 'remote', 99),
(644, 'remote', 99),
(645, 'remote', 99),
(646, 'remote', 92),
(647, 'remote', 91),
(648, 'remote', 89),
(649, 'remote', 87),
(650, 'remote', 79),
(651, 'remote', 75),
(652, 'remote', 75),
(653, 'remote', 99),
(654, 'remote', 99),
(655, 'remote', 99),
(656, 'remote', 98),
(657, 'dining table', 84),
(658, 'cell phone', 60),
(659, 'scissors', 99),
(660, 'scissors', 99),
(661, 'scissors', 99),
(662, 'person', 92),
(663, 'person', 89),
(664, 'scissors', 54),
(665, 'scissors', 99),
(666, 'scissors', 99),
(667, 'scissors', 99),
(668, 'scissors', 99),
(669, 'scissors', 99),
(670, 'scissors', 99),
(671, 'scissors', 99),
(672, 'scissors', 99),
(673, 'scissors', 99),
(674, 'scissors', 99),
(675, 'book', 58),
(676, 'potted plant', 99),
(677, 'orange', 98),
(678, 'sink', 98),
(679, 'sink', 77),
(680, 'cup', 99),
(681, 'spoon', 99),
(682, 'spoon', 99),
(683, 'potted plant', 96),
(684, 'orange', 96),
(685, 'spoon', 96),
(686, 'orange', 91),
(687, 'vase', 88),
(688, 'orange', 86),
(689, 'bowl', 79),
(690, 'orange', 78),
(691, 'spoon', 77),
(692, 'chair', 62),
(693, 'banana', 59),
(694, 'apple', 53),
(695, 'orange', 98),
(696, 'knife', 97),
(697, 'orange', 96),
(698, 'potted plant', 98),
(699, 'bowl', 97),
(700, 'cup', 90),
(701, 'bowl', 78),
(702, 'orange', 77),
(703, 'bowl', 65),
(704, 'spoon', 62),
(705, 'sink', 60),
(706, 'orange', 59),
(707, 'potted plant', 99),
(708, 'vase', 97),
(709, 'sink', 99),
(710, 'bowl', 98),
(711, 'sink', 56),
(712, 'person', 99),
(713, 'teddy bear', 99),
(714, 'bench', 83),
(715, 'chair', 69),
(716, 'teddy bear', 99),
(717, 'vase', 98),
(718, 'potted plant', 96),
(719, 'teddy bear', 96),
(720, 'teddy bear', 80),
(721, 'teddy bear', 72),
(722, 'teddy bear', 66),
(723, 'teddy bear', 99),
(724, 'teddy bear', 99),
(725, 'teddy bear', 97),
(726, 'tie', 60),
(727, 'toaster', 99),
(728, 'donut', 70),
(729, 'sandwich', 54),
(730, 'toaster', 99),
(731, 'toaster', 99),
(732, 'toaster', 95),
(733, 'cake', 93),
(734, 'cake', 82),
(735, 'dining table', 75),
(736, 'cake', 54),
(737, 'cell phone', 52),
(738, 'oven', 87),
(739, 'dining table', 84),
(740, 'dining table', 72),
(741, 'dining table', 66),
(742, 'microwave', 58),
(743, 'toilet', 99),
(744, 'toilet', 99),
(745, 'vase', 99),
(746, 'toilet', 94),
(747, 'potted plant', 83),
(748, 'toilet', 99),
(749, 'toothbrush', 99),
(750, 'toothbrush', 99),
(751, 'toothbrush', 98),
(752, 'toothbrush', 99),
(753, 'toothbrush', 99),
(754, 'toothbrush', 99),
(755, 'toothbrush', 99),
(756, 'toothbrush', 98),
(757, 'toothbrush', 97),
(758, 'cup', 78),
(759, 'toothbrush', 66),
(760, 'person', 99),
(761, 'cup', 91),
(762, 'toothbrush', 83),
(763, 'person', 75),
(764, 'person', 51),
(765, 'toothbrush', 99),
(766, 'cup', 99),
(767, 'toothbrush', 99),
(768, 'potted plant', 90),
(769, 'toothbrush', 99),
(770, 'toothbrush', 97),
(771, 'toothbrush', 97),
(772, 'tv', 99),
(773, 'tv', 99),
(774, 'tv', 99),
(775, 'tv', 99),
(776, 'tv', 98),
(777, 'tv', 98),
(778, 'person', 98),
(779, 'person', 97),
(780, 'tv', 97),
(781, 'tv', 97),
(782, 'tv', 97),
(783, 'tv', 96),
(784, 'tv', 96),
(785, 'tv', 93),
(786, 'tv', 92),
(787, 'person', 91),
(788, 'person', 83),
(789, 'person', 78),
(790, 'remote', 75),
(791, 'person', 75),
(792, 'tv', 99),
(793, 'tv', 99),
(794, 'tv', 98),
(795, 'tv', 98),
(796, 'tv', 94),
(797, 'tv', 81),
(798, 'tv', 77),
(799, 'person', 99),
(800, 'tv', 99),
(801, 'person', 97),
(802, 'person', 96),
(803, 'chair', 78),
(804, 'cell phone', 70),
(805, 'couch', 55),
(806, 'person', 51),
(807, 'vase', 99),
(808, 'vase', 99),
(809, 'tv', 99),
(810, 'cat', 99),
(811, 'potted plant', 96),
(812, 'person', 95),
(813, 'cat', 93),
(814, 'book', 93),
(815, 'book', 74),
(816, 'book', 67),
(817, 'book', 62),
(818, 'book', 60),
(819, 'book', 59),
(820, 'book', 59),
(821, 'chair', 55),
(822, 'book', 54),
(823, 'book', 54),
(824, 'tv', 99),
(825, 'person', 99),
(826, 'person', 96),
(827, 'tv', 95),
(828, 'book', 83),
(829, 'vase', 82),
(830, 'person', 80),
(831, 'book', 78),
(832, 'book', 67),
(833, 'book', 62),
(834, 'vase', 99),
(835, 'vase', 99),
(836, 'dining table', 72),
(837, 'vase', 99),
(838, 'vase', 99),
(839, 'vase', 99),
(840, 'vase', 99),
(841, 'dining table', 86),
(842, 'vase', 99),
(843, 'dining table', 87),
(844, 'cake', 99),
(845, 'person', 99),
(846, 'dining table', 64),
(847, 'bowl', 61),
(848, 'cake', 99),
(849, 'bowl', 91),
(850, 'spoon', 89),
(851, 'dining table', 83),
(852, 'cake', 72),
(853, 'cake', 60);

--
-- Indexes for dumped tables
--

--
-- Indexes for table `chitietdoituong`
--
ALTER TABLE `chitietdoituong`
  ADD PRIMARY KEY (`id_object`,`id_image`),
  ADD KEY `FK_idimage_chitietdoituong_image` (`id_image`);

--
-- Indexes for table `image`
--
ALTER TABLE `image`
  ADD PRIMARY KEY (`id`);

--
-- Indexes for table `object`
--
ALTER TABLE `object`
  ADD PRIMARY KEY (`id`);

--
-- Constraints for dumped tables
--

--
-- Constraints for table `chitietdoituong`
--
ALTER TABLE `chitietdoituong`
  ADD CONSTRAINT `FK_idimage_chitietdoituong_image` FOREIGN KEY (`id_image`) REFERENCES `image` (`id`),
  ADD CONSTRAINT `FK_idobject_chitietdoituong_object` FOREIGN KEY (`id_object`) REFERENCES `object` (`id`);
COMMIT;

/*!40101 SET CHARACTER_SET_CLIENT=@OLD_CHARACTER_SET_CLIENT */;
/*!40101 SET CHARACTER_SET_RESULTS=@OLD_CHARACTER_SET_RESULTS */;
/*!40101 SET COLLATION_CONNECTION=@OLD_COLLATION_CONNECTION */;
